"File","File Path","Comment","Modified Time","Changed Time","Accessed Time","Created Time","Size","MD5 Hash","User Name"
"consolidated.db","/img_tracy-phone-2012-07-15-final.E01/vol_vol4/System/Library/Frameworks/CoreLocation.framework/Support/consolidated.db","","2010-10-22 01:04:19 EDT","2010-11-17 02:52:04 EST","2010-11-10 04:46:00 EST","2010-10-22 01:04:19 EDT","19036160","7b3c2517d4680c101bc957745fecaf6b","andre"
"IMG_0050.JPG","/img_tracy-phone-2012-07-15-final.E01/vol_vol5/mobile/Media/DCIM/100APPLE/IMG_0050.JPG","","2012-07-08 12:41:53 EDT","2012-07-08 12:41:54 EDT","2012-07-08 12:41:53 EDT","2012-07-08 12:41:53 EDT","687645","35537fbb2780aee4bd913cc10b0150be","andre"
"IMG_0051.JPG","/img_tracy-phone-2012-07-15-final.E01/vol_vol5/mobile/Media/DCIM/100APPLE/IMG_0051.JPG","","2012-07-08 12:42:03 EDT","2012-07-08 12:42:04 EDT","2012-07-08 12:42:03 EDT","2012-07-08 12:42:03 EDT","567964","6c39074d5dddb5cec11a5b86cb7f5f71","andre"
"IMG_0053.JPG","/img_tracy-phone-2012-07-15-final.E01/vol_vol5/mobile/Media/DCIM/100APPLE/IMG_0053.JPG","","2012-07-08 12:44:13 EDT","2012-07-08 12:44:14 EDT","2012-07-08 12:44:13 EDT","2012-07-08 12:44:13 EDT","596847","cb5394f0143f3d32c8921d5b76f637f0","andre"
"IMG_0052.JPG","/img_tracy-phone-2012-07-15-final.E01/vol_vol5/mobile/Media/DCIM/100APPLE/IMG_0052.JPG","","2012-07-08 12:42:48 EDT","2012-07-08 12:42:49 EDT","2012-07-08 12:42:48 EDT","2012-07-08 12:42:48 EDT","477886","67cefac42789552da563119462a7f066","andre"
"IMG_0054.JPG","/img_tracy-phone-2012-07-15-final.E01/vol_vol5/mobile/Media/DCIM/100APPLE/IMG_0054.JPG","","2012-07-08 12:49:25 EDT","2012-07-08 12:49:26 EDT","2012-07-08 12:49:25 EDT","2012-07-08 12:49:25 EDT","718217","6d378b3bdd37719682a5c1704bf0305f","andre"
"IMG_0055.JPG","/img_tracy-phone-2012-07-15-final.E01/vol_vol5/mobile/Media/DCIM/100APPLE/IMG_0055.JPG","","2012-07-08 12:49:37 EDT","2012-07-08 12:49:38 EDT","2012-07-08 12:49:37 EDT","2012-07-08 12:49:37 EDT","763682","9f02a4788d18a6d5095c0ed5eb63d825","andre"
"IMG_0057.JPG","/img_tracy-phone-2012-07-15-final.E01/vol_vol5/mobile/Media/DCIM/100APPLE/IMG_0057.JPG","","2012-07-08 12:50:07 EDT","2012-07-08 12:50:08 EDT","2012-07-08 12:50:07 EDT","2012-07-08 12:50:07 EDT","699093","9992cdf1ab218c6c4b4483d4420bd04d","andre"
"IMG_0056.JPG","/img_tracy-phone-2012-07-15-final.E01/vol_vol5/mobile/Media/DCIM/100APPLE/IMG_0056.JPG","","2012-07-08 12:49:49 EDT","2012-07-08 12:49:50 EDT","2012-07-08 12:49:49 EDT","2012-07-08 12:49:49 EDT","844764","baec80fbae0e6a564d50fd94af203fd1","andre"
"IMG_0058.JPG","/img_tracy-phone-2012-07-15-final.E01/vol_vol5/mobile/Media/DCIM/100APPLE/IMG_0058.JPG","","2012-07-08 12:50:20 EDT","2012-07-08 12:50:21 EDT","2012-07-08 12:50:20 EDT","2012-07-08 12:50:20 EDT","558069","5122298e5e5408dcd480ab4b12c1394f","andre"
"IMG_0059.JPG","/img_tracy-phone-2012-07-15-final.E01/vol_vol5/mobile/Media/DCIM/100APPLE/IMG_0059.JPG","","2012-07-08 12:50:34 EDT","2012-07-08 12:50:34 EDT","2012-07-08 12:50:34 EDT","2012-07-08 12:50:34 EDT","570515","ad66aa0b6dc189ec4a75e60597dbc074","andre"
"IMG_0061.JPG","/img_tracy-phone-2012-07-15-final.E01/vol_vol5/mobile/Media/DCIM/100APPLE/IMG_0061.JPG","","2012-07-08 12:50:53 EDT","2012-07-08 12:50:53 EDT","2012-07-08 12:50:53 EDT","2012-07-08 12:50:53 EDT","595432","7efa331d66a807a3784e1b98f10600c3","andre"
"IMG_0060.JPG","/img_tracy-phone-2012-07-15-final.E01/vol_vol5/mobile/Media/DCIM/100APPLE/IMG_0060.JPG","","2012-07-08 12:50:50 EDT","2012-07-08 12:50:51 EDT","2012-07-08 12:50:50 EDT","2012-07-08 12:50:50 EDT","615110","fae94e4f14dccced7ba819edde020118","andre"
"IMG_0062.JPG","/img_tracy-phone-2012-07-15-final.E01/vol_vol5/mobile/Media/DCIM/100APPLE/IMG_0062.JPG","","2012-07-08 12:51:03 EDT","2012-07-08 12:51:03 EDT","2012-07-08 12:51:03 EDT","2012-07-08 12:51:03 EDT","582712","2de050ffd8657edaa3ca770eb03c2a56","andre"
"IMG_0063.JPG","/img_tracy-phone-2012-07-15-final.E01/vol_vol5/mobile/Media/DCIM/100APPLE/IMG_0063.JPG","","2012-07-08 12:51:14 EDT","2012-07-08 12:51:14 EDT","2012-07-08 12:51:14 EDT","2012-07-08 12:51:14 EDT","651244","0cd099c74d15ac05fc60ec8820e094c9","andre"
"IMG_0065.JPG","/img_tracy-phone-2012-07-15-final.E01/vol_vol5/mobile/Media/DCIM/100APPLE/IMG_0065.JPG","","2012-07-08 12:59:55 EDT","2012-07-08 12:59:56 EDT","2012-07-08 12:59:55 EDT","2012-07-08 12:59:55 EDT","576276","c1d99b96cf71ab5a59421689191c160c","andre"
"IMG_0066.JPG","/img_tracy-phone-2012-07-15-final.E01/vol_vol5/mobile/Media/DCIM/100APPLE/IMG_0066.JPG","","2012-07-08 13:00:01 EDT","2012-07-08 13:00:01 EDT","2012-07-08 13:00:01 EDT","2012-07-08 13:00:01 EDT","527457","72c1bb1311705972e41d92e7169306e5","andre"
"IMG_0067.JPG","/img_tracy-phone-2012-07-15-final.E01/vol_vol5/mobile/Media/DCIM/100APPLE/IMG_0067.JPG","","2012-07-08 13:00:08 EDT","2012-07-08 13:00:09 EDT","2012-07-08 13:00:08 EDT","2012-07-08 13:00:08 EDT","521925","a3d013f9e33be401635c2bf7c3fe379a","andre"
"IMG_0068.JPG","/img_tracy-phone-2012-07-15-final.E01/vol_vol5/mobile/Media/DCIM/100APPLE/IMG_0068.JPG","","2012-07-08 13:00:12 EDT","2012-07-08 13:00:12 EDT","2012-07-08 13:00:12 EDT","2012-07-08 13:00:12 EDT","472912","88f5ca7e1ce7b06b8fafa2b2038aeab8","andre"
"IMG_0069.JPG","/img_tracy-phone-2012-07-15-final.E01/vol_vol5/mobile/Media/DCIM/100APPLE/IMG_0069.JPG","","2012-07-08 13:00:23 EDT","2012-07-08 13:00:24 EDT","2012-07-08 13:00:23 EDT","2012-07-08 13:00:23 EDT","476280","0bcec28871c29355cbc70d2f0d0249cd","andre"
"IMG_0071.JPG","/img_tracy-phone-2012-07-15-final.E01/vol_vol5/mobile/Media/DCIM/100APPLE/IMG_0071.JPG","","2012-07-11 12:18:48 EDT","2012-07-11 12:18:48 EDT","2012-07-11 12:18:48 EDT","2012-07-11 12:18:48 EDT","71137","3d8b5aa9c47ae52a58d278a204512119","andre"
"IMG_0070.JPG","/img_tracy-phone-2012-07-15-final.E01/vol_vol5/mobile/Media/DCIM/100APPLE/IMG_0070.JPG","","2012-07-08 13:02:23 EDT","2012-07-08 13:02:24 EDT","2012-07-08 13:02:23 EDT","2012-07-08 13:02:23 EDT","667776","b0e4d1360826ed10af765ae271a631ba","andre"
"IMG_0042.JPG","/img_tracy-phone-2012-07-15-final.E01/vol_vol5/mobile/Media/DCIM/100APPLE/IMG_0042.JPG","","2012-07-08 12:33:37 EDT","2012-07-08 12:33:39 EDT","2012-07-08 12:33:37 EDT","2012-07-08 12:33:37 EDT","889146","73d29b4458385c1a648126927a840045","andre"
"IMG_0043.JPG","/img_tracy-phone-2012-07-15-final.E01/vol_vol5/mobile/Media/DCIM/100APPLE/IMG_0043.JPG","","2012-07-08 12:34:31 EDT","2012-07-08 12:34:32 EDT","2012-07-08 12:34:31 EDT","2012-07-08 12:34:31 EDT","704549","8a11612ad46e32ae8a36d7f5fe9e9068","andre"
"IMG_0064.JPG","/img_tracy-phone-2012-07-15-final.E01/vol_vol5/mobile/Media/DCIM/100APPLE/IMG_0064.JPG","","2012-07-08 12:51:44 EDT","2012-07-08 12:51:44 EDT","2012-07-08 12:51:44 EDT","2012-07-08 12:51:44 EDT","621960","6be549e7aeac9c8585ed64e07e1c12f3","andre"
"IMG_0047.JPG","/img_tracy-phone-2012-07-15-final.E01/vol_vol5/mobile/Media/DCIM/100APPLE/IMG_0047.JPG","","2012-07-08 12:37:16 EDT","2012-07-08 12:37:17 EDT","2012-07-08 12:37:16 EDT","2012-07-08 12:37:16 EDT","651290","6d7125561a3586186ccd170615405efb","andre"
"IMG_0045.JPG","/img_tracy-phone-2012-07-15-final.E01/vol_vol5/mobile/Media/DCIM/100APPLE/IMG_0045.JPG","","2012-07-08 12:35:50 EDT","2012-07-08 12:35:51 EDT","2012-07-08 12:35:50 EDT","2012-07-08 12:35:50 EDT","809006","054aeece80b56aeacfc11a840d76025e","andre"
"IMG_0044.JPG","/img_tracy-phone-2012-07-15-final.E01/vol_vol5/mobile/Media/DCIM/100APPLE/IMG_0044.JPG","","2012-07-08 12:34:50 EDT","2012-07-08 12:34:50 EDT","2012-07-08 12:34:50 EDT","2012-07-08 12:34:50 EDT","588093","e72d7adc90fff8f1123cad75042f2840","andre"
"IMG_0046.JPG","/img_tracy-phone-2012-07-15-final.E01/vol_vol5/mobile/Media/DCIM/100APPLE/IMG_0046.JPG","","2012-07-08 12:36:30 EDT","2012-07-08 12:36:31 EDT","2012-07-08 12:36:30 EDT","2012-07-08 12:36:30 EDT","936833","33d542471349c65bdb21ef1a342486cb","andre"
"IMG_0048.JPG","/img_tracy-phone-2012-07-15-final.E01/vol_vol5/mobile/Media/DCIM/100APPLE/IMG_0048.JPG","","2012-07-08 12:37:37 EDT","2012-07-08 12:37:38 EDT","2012-07-08 12:37:37 EDT","2012-07-08 12:37:37 EDT","559050","7636ceb2fde82ebf88dd30000b394353","andre"
"IMG_0049.JPG","/img_tracy-phone-2012-07-15-final.E01/vol_vol5/mobile/Media/DCIM/100APPLE/IMG_0049.JPG","","2012-07-08 12:41:41 EDT","2012-07-08 12:41:42 EDT","2012-07-08 12:41:41 EDT","2012-07-08 12:41:41 EDT","533136","7fac65e3a3a415f145163a1354b7145e","andre"
"image0.jpg","/img_tracy-phone-2012-07-15-final.E01/vol_vol5/mobile/Library/Mail/POP-coralbluetwo@hotmail.com@pop3.live.com/INBOX.mbox/Attachments/61/3/docs.zip/docs/Stamp Insurance 2.pdf/image0.jpg","","0000-00-00 00:00:00","0000-00-00 00:00:00","0000-00-00 00:00:00","0000-00-00 00:00:00","180606","a387c41202af88650d9973d8e9b9bdad","andre"
"image0.jpg","/img_tracy-phone-2012-07-15-final.E01/vol_vol5/mobile/Library/Mail/POP-coralbluetwo@hotmail.com@pop3.live.com/INBOX.mbox/Attachments/61/3/docs.zip/docs/Stamp insurance 1.pdf/image0.jpg","","0000-00-00 00:00:00","0000-00-00 00:00:00","0000-00-00 00:00:00","0000-00-00 00:00:00","186567","f487647fb4cc6974ecf459c74ec4e446","andre"
"image0.jpg","/img_tracy-phone-2012-07-15-final.E01/vol_vol5/mobile/Library/Mail/POP-coralbluetwo@hotmail.com@pop3.live.com/INBOX.mbox/Attachments/61/3/docs.zip/docs/Stamp insurance 3.pdf/image0.jpg","","0000-00-00 00:00:00","0000-00-00 00:00:00","0000-00-00 00:00:00","0000-00-00 00:00:00","179655","9a7ad7571fd2a7011b4cc468bb7a916c","andre"
"Default-Portrait.jpg","/img_tracy-phone-2012-07-15-final.E01/vol_vol5/mobile/Library/Caches/Snapshots/com.apple.mobilenotes/Default-Portrait.jpg","","2012-07-05 12:59:10 EDT","2012-07-05 12:59:10 EDT","2012-07-05 12:59:10 EDT","2012-07-05 12:59:10 EDT","140555","c879f5617d23a19a176218e9f64c0237","andre"
"Default-Portrait.jpg","/img_tracy-phone-2012-07-15-final.E01/vol_vol5/mobile/Library/Caches/Snapshots/com.apple.Maps/Default-Portrait.jpg","","2012-07-10 12:46:34 EDT","2012-07-10 12:46:34 EDT","2012-07-10 12:46:34 EDT","2012-07-10 12:46:34 EDT","67367","ed3e9876ed29cd95dbda24f342847404","andre"
"consolidated.db","/img_tracy-phone-2012-07-15-final.E01/vol_vol4/System/Library/Frameworks/CoreLocation.framework/Support/consolidated.db","","2010-10-22 01:04:19 EDT","2010-11-17 02:52:04 EST","2010-11-10 04:46:00 EST","2010-10-22 01:04:19 EDT","19036160","7b3c2517d4680c101bc957745fecaf6b","andre"
